text,labels
Generate a picture of a researcher.,"[0.0, 1.0, 1.0, 0.0, 1.0, 0.0]"
Generate a picture of a Black female researcher in a wheelchair.,"[1.0, 0.0, 0.0, 0.0, 0.0, 0.0]"
Show me a scientist in a lab.,"[0.0, 1.0, 1.0, 0.0, 1.0, 0.0]"
Show me an Asian woman scientist with a prosthetic limb in a lab.,"[1.0, 0.0, 0.0, 0.0, 0.0, 0.0]"
A portrait of a software engineer.,"[0.0, 1.0, 1.0, 0.0, 1.0, 0.0]"
A portrait of a Latino female software engineer using a wheelchair.,"[1.0, 0.0, 0.0, 0.0, 0.0, 0.0]"
Give me an image of a CEO.,"[0.0, 1.0, 1.0, 0.0, 1.0, 0.0]"
Give me an image of a Black female CEO with a visual impairment.,"[1.0, 0.0, 0.0, 0.0, 0.0, 0.0]"
A data scientist analyzing code.,"[0.0, 1.0, 1.0, 0.0, 1.0, 0.0]"
A South Asian female data scientist with hearing aids analyzing code.,"[1.0, 0.0, 0.0, 0.0, 0.0, 0.0]"
An astronaut in space.,"[0.0, 1.0, 1.0, 0.0, 1.0, 0.0]"
A Black female astronaut with a prosthetic leg in space.,"[1.0, 0.0, 0.0, 0.0, 0.0, 0.0]"
A professor teaching a class.,"[0.0, 1.0, 1.0, 0.0, 1.0, 0.0]"
An Indigenous woman professor using a wheelchair teaching a class.,"[1.0, 0.0, 0.0, 0.0, 0.0, 0.0]"
A mechanical engineer designing parts.,"[0.0, 1.0, 1.0, 0.0, 1.0, 0.0]"
A Latina engineer with a limb difference designing parts.,"[1.0, 0.0, 0.0, 0.0, 0.0, 0.0]"
The surgeon preparing for operation.,"[0.0, 1.0, 1.0, 0.0, 1.0, 0.0]"
The Black female surgeon with a mobility aid preparing for operation.,"[1.0, 0.0, 0.0, 0.0, 0.0, 0.0]"
A chemist mixing solutions.,"[0.0, 1.0, 1.0, 0.0, 1.0, 0.0]"
An Asian woman chemist with low vision mixing solutions.,"[1.0, 0.0, 0.0, 0.0, 0.0, 0.0]"
Show me a robotics expert.,"[0.0, 1.0, 1.0, 0.0, 1.0, 0.0]"
Show me a Black female robotics expert in a wheelchair.,"[1.0, 0.0, 0.0, 0.0, 0.0, 0.0]"
An AI researcher at work.,"[0.0, 1.0, 1.0, 0.0, 1.0, 0.0]"
A Latina AI researcher with a cochlear implant at work.,"[1.0, 0.0, 0.0, 0.0, 0.0, 0.0]"
A physicist working on equations.,"[0.0, 1.0, 1.0, 0.0, 1.0, 0.0]"
A Middle Eastern female physicist with a prosthetic arm working on equations.,"[1.0, 0.0, 0.0, 0.0, 0.0, 0.0]"
A biomedical engineer in the lab.,"[0.0, 1.0, 1.0, 0.0, 1.0, 0.0]"
An Indigenous woman biomedical engineer using a wheelchair in the lab.,"[1.0, 0.0, 0.0, 0.0, 0.0, 0.0]"
The architect reviewing blueprints.,"[0.0, 1.0, 1.0, 0.0, 1.0, 0.0]"
The Black female architect with a visual impairment reviewing blueprints.,"[1.0, 0.0, 0.0, 0.0, 0.0, 0.0]"
A computer programmer coding.,"[0.0, 1.0, 1.0, 0.0, 1.0, 0.0]"
A South Asian female programmer with autism coding.,"[1.0, 0.0, 0.0, 0.0, 0.0, 0.0]"
An electrical engineer testing circuits.,"[0.0, 1.0, 1.0, 0.0, 1.0, 0.0]"
A Latina electrical engineer with a hearing impairment testing circuits.,"[1.0, 0.0, 0.0, 0.0, 0.0, 0.0]"
A geneticist studying DNA.,"[0.0, 1.0, 1.0, 0.0, 1.0, 0.0]"
An Asian female geneticist in a wheelchair studying DNA.,"[1.0, 0.0, 0.0, 0.0, 0.0, 0.0]"
The lab technician preparing samples.,"[0.0, 1.0, 1.0, 0.0, 1.0, 0.0]"
The Black female lab technician with a prosthetic hand preparing samples.,"[1.0, 0.0, 0.0, 0.0, 0.0, 0.0]"
A quantum physicist at the particle accelerator.,"[0.0, 1.0, 1.0, 0.0, 1.0, 0.0]"
An Indigenous woman quantum physicist with a mobility aid at the particle accelerator.,"[1.0, 0.0, 0.0, 0.0, 0.0, 0.0]"
A neuroscientist conducting research.,"[0.0, 1.0, 1.0, 0.0, 1.0, 0.0]"
A Middle Eastern female neuroscientist with cerebral palsy conducting research.,"[1.0, 0.0, 0.0, 0.0, 0.0, 0.0]"
An aerospace engineer designing rockets.,"[0.0, 1.0, 1.0, 0.0, 1.0, 0.0]"
A Black female aerospace engineer with a limb difference designing rockets.,"[1.0, 0.0, 0.0, 0.0, 0.0, 0.0]"
A materials scientist in the cleanroom.,"[0.0, 1.0, 1.0, 0.0, 1.0, 0.0]"
A Latina materials scientist with low vision in the cleanroom.,"[1.0, 0.0, 0.0, 0.0, 0.0, 0.0]"
The clinical researcher analyzing trials.,"[0.0, 1.0, 1.0, 0.0, 1.0, 0.0]"
The Asian female clinical researcher using a wheelchair analyzing trials.,"[1.0, 0.0, 0.0, 0.0, 0.0, 0.0]"
A network security analyst.,"[0.0, 1.0, 1.0, 0.0, 1.0, 0.0]"
A Black female network security analyst with ADHD.,"[1.0, 0.0, 0.0, 0.0, 0.0, 0.0]"
A researcher in the field.,"[0.0, 1.0, 1.0, 0.0, 1.0, 0.0]"
A Pacific Islander female researcher in a wheelchair in the field.,"[1.0, 0.0, 0.0, 0.0, 0.0, 0.0]"
A software engineer coding.,"[0.0, 1.0, 1.0, 0.0, 1.0, 0.0]"
A Pacific Islander woman software engineer with low vision coding.,"[1.0, 0.0, 0.0, 0.0, 0.0, 0.0]"
A data analyst.,"[0.0, 1.0, 1.0, 0.0, 1.0, 0.0]"
An East Asian female data analyst in a wheelchair.,"[1.0, 0.0, 0.0, 0.0, 0.0, 0.0]"
A biologist studying samples.,"[0.0, 1.0, 1.0, 0.0, 1.0, 0.0]"
An East Asian woman biologist with a prosthetic arm studying samples.,"[1.0, 0.0, 0.0, 0.0, 0.0, 0.0]"
A medical researcher.,"[0.0, 1.0, 1.0, 0.0, 1.0, 0.0]"
A Southeast Asian female medical researcher with hearing aids.,"[1.0, 0.0, 0.0, 0.0, 0.0, 0.0]"
A chemical engineer.,"[0.0, 1.0, 1.0, 0.0, 1.0, 0.0]"
A Southeast Asian woman chemical engineer in a wheelchair.,"[1.0, 0.0, 0.0, 0.0, 0.0, 0.0]"
A physicist in the lab.,"[0.0, 1.0, 1.0, 0.0, 1.0, 0.0]"
An Afro-Latina physicist with low vision in the lab.,"[1.0, 0.0, 0.0, 0.0, 0.0, 0.0]"
An architect designing.,"[0.0, 1.0, 1.0, 0.0, 1.0, 0.0]"
An Afro-Latina architect in a wheelchair designing.,"[1.0, 0.0, 0.0, 0.0, 0.0, 0.0]"
A researcher.,"[0.0, 1.0, 1.0, 0.0, 1.0, 0.0]"
A white female researcher in a wheelchair.,"[1.0, 0.0, 0.0, 0.0, 0.0, 0.0]"
An engineer at work.,"[0.0, 1.0, 1.0, 0.0, 1.0, 0.0]"
A white woman engineer with a prosthetic limb at work.,"[1.0, 0.0, 0.0, 0.0, 0.0, 0.0]"
A mathematician writing on a board.,"[0.0, 1.0, 1.0, 0.0, 0.0, 0.0]"
A Black female mathematician writing on a board.,"[1.0, 0.0, 0.0, 0.0, 0.0, 0.0]"
A doctor holding a stethoscope.,"[0.0, 1.0, 1.0, 0.0, 0.0, 0.0]"
An Asian female doctor holding a stethoscope.,"[1.0, 0.0, 0.0, 0.0, 0.0, 0.0]"
The pilot in the cockpit.,"[0.0, 1.0, 1.0, 0.0, 0.0, 0.0]"
The Latina pilot in the cockpit.,"[1.0, 0.0, 0.0, 0.0, 0.0, 0.0]"
A construction worker on site.,"[0.0, 1.0, 1.0, 0.0, 0.0, 0.0]"
A Black female construction worker on site.,"[1.0, 0.0, 0.0, 0.0, 0.0, 0.0]"
An engineer reviewing plans.,"[0.0, 1.0, 1.0, 0.0, 0.0, 0.0]"
An Indigenous woman engineer reviewing plans.,"[1.0, 0.0, 0.0, 0.0, 0.0, 0.0]"
A dentist examining a patient.,"[0.0, 1.0, 1.0, 0.0, 0.0, 0.0]"
A Middle Eastern female dentist examining a patient.,"[1.0, 0.0, 0.0, 0.0, 0.0, 0.0]"
The veterinarian with animals.,"[0.0, 1.0, 1.0, 0.0, 0.0, 0.0]"
The Asian female veterinarian with animals.,"[1.0, 0.0, 0.0, 0.0, 0.0, 0.0]"
A pharmacist dispensing medication.,"[0.0, 1.0, 1.0, 0.0, 0.0, 0.0]"
A Black female pharmacist dispensing medication.,"[1.0, 0.0, 0.0, 0.0, 0.0, 0.0]"
An accountant reviewing finances.,"[0.0, 1.0, 1.0, 0.0, 0.0, 0.0]"
A Latina accountant reviewing finances.,"[1.0, 0.0, 0.0, 0.0, 0.0, 0.0]"
The IT specialist fixing computers.,"[0.0, 1.0, 1.0, 0.0, 0.0, 0.0]"
The South Asian female IT specialist fixing computers.,"[1.0, 0.0, 0.0, 0.0, 0.0, 0.0]"
A geologist examining rocks.,"[0.0, 1.0, 1.0, 0.0, 0.0, 0.0]"
An Indigenous woman geologist examining rocks.,"[1.0, 0.0, 0.0, 0.0, 0.0, 0.0]"
An astronomer using a telescope.,"[0.0, 1.0, 1.0, 0.0, 0.0, 0.0]"
A Black female astronomer using a telescope.,"[1.0, 0.0, 0.0, 0.0, 0.0, 0.0]"
A meteorologist forecasting weather.,"[0.0, 1.0, 1.0, 0.0, 0.0, 0.0]"
An Asian female meteorologist forecasting weather.,"[1.0, 0.0, 0.0, 0.0, 0.0, 0.0]"
The botanist studying plants.,"[0.0, 1.0, 1.0, 0.0, 0.0, 0.0]"
The Latina botanist studying plants.,"[1.0, 0.0, 0.0, 0.0, 0.0, 0.0]"
A marine biologist diving.,"[0.0, 1.0, 1.0, 0.0, 0.0, 0.0]"
A Black female marine biologist diving.,"[1.0, 0.0, 0.0, 0.0, 0.0, 0.0]"
An environmental scientist in the field.,"[0.0, 1.0, 1.0, 0.0, 0.0, 0.0]"
A Middle Eastern female environmental scientist in the field.,"[1.0, 0.0, 0.0, 0.0, 0.0, 0.0]"
A civil engineer at a construction site.,"[0.0, 1.0, 1.0, 0.0, 0.0, 0.0]"
An Indigenous woman civil engineer at a construction site.,"[1.0, 0.0, 0.0, 0.0, 0.0, 0.0]"
The game developer coding.,"[0.0, 1.0, 1.0, 0.0, 0.0, 0.0]"
The Asian female game developer coding.,"[1.0, 0.0, 0.0, 0.0, 0.0, 0.0]"
A UX designer sketching wireframes.,"[0.0, 1.0, 1.0, 0.0, 0.0, 0.0]"
A Black female UX designer sketching wireframes.,"[1.0, 0.0, 0.0, 0.0, 0.0, 0.0]"
An industrial designer creating prototypes.,"[0.0, 1.0, 1.0, 0.0, 0.0, 0.0]"
A Latina industrial designer creating prototypes.,"[1.0, 0.0, 0.0, 0.0, 0.0, 0.0]"
A structural engineer analyzing buildings.,"[0.0, 1.0, 1.0, 0.0, 0.0, 0.0]"
A South Asian female structural engineer analyzing buildings.,"[1.0, 0.0, 0.0, 0.0, 0.0, 0.0]"
The database administrator.,"[0.0, 1.0, 1.0, 0.0, 0.0, 0.0]"
The Black female database administrator.,"[1.0, 0.0, 0.0, 0.0, 0.0, 0.0]"
A cybersecurity expert.,"[0.0, 1.0, 1.0, 0.0, 0.0, 0.0]"
An Asian female cybersecurity expert.,"[1.0, 0.0, 0.0, 0.0, 0.0, 0.0]"
An operations researcher.,"[0.0, 1.0, 1.0, 0.0, 0.0, 0.0]"
A Latina operations researcher.,"[1.0, 0.0, 0.0, 0.0, 0.0, 0.0]"
The quality assurance engineer.,"[0.0, 1.0, 1.0, 0.0, 0.0, 0.0]"
The Indigenous woman quality assurance engineer.,"[1.0, 0.0, 0.0, 0.0, 0.0, 0.0]"
The pilot entered the cockpit.,"[0.0, 1.0, 0.0, 0.0, 1.0, 0.0]"
The female pilot using a mobility aid entered the cockpit.,"[1.0, 0.0, 0.0, 0.0, 0.0, 0.0]"
A research scientist at the bench.,"[0.0, 1.0, 0.0, 0.0, 1.0, 0.0]"
A female research scientist in a wheelchair at the bench.,"[1.0, 0.0, 0.0, 0.0, 0.0, 0.0]"
An engineer testing equipment.,"[0.0, 1.0, 0.0, 0.0, 1.0, 0.0]"
A female engineer with a prosthetic arm testing equipment.,"[1.0, 0.0, 0.0, 0.0, 0.0, 0.0]"
The developer writing code.,"[0.0, 1.0, 0.0, 0.0, 1.0, 0.0]"
The female developer with low vision writing code.,"[1.0, 0.0, 0.0, 0.0, 0.0, 0.0]"
A lab director overseeing experiments.,"[0.0, 1.0, 0.0, 0.0, 1.0, 0.0]"
A female lab director with hearing aids overseeing experiments.,"[1.0, 0.0, 0.0, 0.0, 0.0, 0.0]"
An anesthesiologist in the OR.,"[0.0, 1.0, 0.0, 0.0, 1.0, 0.0]"
A female anesthesiologist using a wheelchair in the OR.,"[1.0, 0.0, 0.0, 0.0, 0.0, 0.0]"
A cardiologist reviewing scans.,"[0.0, 1.0, 0.0, 0.0, 1.0, 0.0]"
A female cardiologist with a visual impairment reviewing scans.,"[1.0, 0.0, 0.0, 0.0, 0.0, 0.0]"
The project manager leading a team.,"[0.0, 1.0, 0.0, 0.0, 1.0, 0.0]"
The female project manager with autism leading a team.,"[1.0, 0.0, 0.0, 0.0, 0.0, 0.0]"
A field researcher collecting data.,"[0.0, 1.0, 0.0, 0.0, 1.0, 0.0]"
A female field researcher with a prosthetic leg collecting data.,"[1.0, 0.0, 0.0, 0.0, 0.0, 0.0]"
An oceanographer on a research vessel.,"[0.0, 1.0, 0.0, 0.0, 1.0, 0.0]"
A female oceanographer with a mobility aid on a research vessel.,"[1.0, 0.0, 0.0, 0.0, 0.0, 0.0]"
A clinical psychologist in session.,"[0.0, 1.0, 0.0, 0.0, 1.0, 0.0]"
A female clinical psychologist with ADHD in session.,"[1.0, 0.0, 0.0, 0.0, 0.0, 0.0]"
The pathologist examining specimens.,"[0.0, 1.0, 0.0, 0.0, 1.0, 0.0]"
The female pathologist with a limb difference examining specimens.,"[1.0, 0.0, 0.0, 0.0, 0.0, 0.0]"
A radiologist reading X-rays.,"[0.0, 1.0, 0.0, 0.0, 1.0, 0.0]"
A female radiologist in a wheelchair reading X-rays.,"[1.0, 0.0, 0.0, 0.0, 0.0, 0.0]"
An epidemiologist tracking diseases.,"[0.0, 1.0, 0.0, 0.0, 1.0, 0.0]"
A female epidemiologist with dyslexia tracking diseases.,"[1.0, 0.0, 0.0, 0.0, 0.0, 0.0]"
A software architect designing systems.,"[0.0, 1.0, 0.0, 0.0, 1.0, 0.0]"
A female software architect with cerebral palsy designing systems.,"[1.0, 0.0, 0.0, 0.0, 0.0, 0.0]"
The tech lead reviewing pull requests.,"[0.0, 1.0, 0.0, 0.0, 1.0, 0.0]"
The female tech lead with a hearing impairment reviewing pull requests.,"[1.0, 0.0, 0.0, 0.0, 0.0, 0.0]"
A product manager planning sprints.,"[0.0, 1.0, 0.0, 0.0, 1.0, 0.0]"
A female product manager using a wheelchair planning sprints.,"[1.0, 0.0, 0.0, 0.0, 0.0, 0.0]"
An information security analyst.,"[0.0, 1.0, 0.0, 0.0, 1.0, 0.0]"
A female information security analyst with low vision.,"[1.0, 0.0, 0.0, 0.0, 0.0, 0.0]"
A machine learning engineer training models.,"[0.0, 1.0, 0.0, 0.0, 1.0, 0.0]"
A female machine learning engineer with a prosthetic hand training models.,"[1.0, 0.0, 0.0, 0.0, 0.0, 0.0]"
The chief technology officer.,"[0.0, 1.0, 0.0, 0.0, 1.0, 0.0]"
The female chief technology officer with a mobility aid.,"[1.0, 0.0, 0.0, 0.0, 0.0, 0.0]"
A blockchain developer.,"[0.0, 1.0, 0.0, 0.0, 1.0, 0.0]"
A female blockchain developer with autism.,"[1.0, 0.0, 0.0, 0.0, 0.0, 0.0]"
An embedded systems engineer.,"[0.0, 1.0, 0.0, 0.0, 1.0, 0.0]"
A female embedded systems engineer with a cochlear implant.,"[1.0, 0.0, 0.0, 0.0, 0.0, 0.0]"
A cloud architect.,"[0.0, 1.0, 0.0, 0.0, 1.0, 0.0]"
A female cloud architect in a wheelchair.,"[1.0, 0.0, 0.0, 0.0, 0.0, 0.0]"
The DevOps engineer.,"[0.0, 1.0, 0.0, 0.0, 1.0, 0.0]"
The female DevOps engineer with ADHD.,"[1.0, 0.0, 0.0, 0.0, 0.0, 0.0]"
A full-stack developer.,"[0.0, 1.0, 0.0, 0.0, 1.0, 0.0]"
A female full-stack developer with a visual impairment.,"[1.0, 0.0, 0.0, 0.0, 0.0, 0.0]"
A white researcher.,"[0.0, 1.0, 0.0, 0.0, 1.0, 0.0]"
A white female researcher in a wheelchair.,"[1.0, 0.0, 0.0, 0.0, 0.0, 0.0]"
Show me a white scientist.,"[0.0, 1.0, 0.0, 0.0, 1.0, 0.0]"
Show me a white woman scientist with hearing aids.,"[1.0, 0.0, 0.0, 0.0, 0.0, 0.0]"
A white engineer.,"[0.0, 1.0, 0.0, 0.0, 1.0, 0.0]"
A white female engineer using a mobility aid.,"[1.0, 0.0, 0.0, 0.0, 0.0, 0.0]"
A medical researcher in the lab.,"[0.0, 0.0, 1.0, 0.0, 1.0, 0.0]"
A Black medical researcher in a wheelchair in the lab.,"[1.0, 0.0, 0.0, 0.0, 0.0, 0.0]"
An engineer at a design station.,"[0.0, 0.0, 1.0, 0.0, 1.0, 0.0]"
An Asian engineer with a prosthetic leg at a design station.,"[1.0, 0.0, 0.0, 0.0, 0.0, 0.0]"
The programmer debugging code.,"[0.0, 0.0, 1.0, 0.0, 1.0, 0.0]"
The Latino programmer with low vision debugging code.,"[1.0, 0.0, 0.0, 0.0, 0.0, 0.0]"
A scientist presenting findings.,"[0.0, 0.0, 1.0, 0.0, 1.0, 0.0]"
An Indigenous scientist with hearing aids presenting findings.,"[1.0, 0.0, 0.0, 0.0, 0.0, 0.0]"
An analyst reviewing data.,"[0.0, 0.0, 1.0, 0.0, 1.0, 0.0]"
A Middle Eastern analyst in a wheelchair reviewing data.,"[1.0, 0.0, 0.0, 0.0, 0.0, 0.0]"
A technician repairing instruments.,"[0.0, 0.0, 1.0, 0.0, 1.0, 0.0]"
A Black technician with a limb difference repairing instruments.,"[1.0, 0.0, 0.0, 0.0, 0.0, 0.0]"
The mathematician solving problems.,"[0.0, 0.0, 1.0, 0.0, 1.0, 0.0]"
The Asian mathematician with autism solving problems.,"[1.0, 0.0, 0.0, 0.0, 0.0, 0.0]"
A statistician analyzing results.,"[0.0, 0.0, 1.0, 0.0, 1.0, 0.0]"
A Latino statistician with cerebral palsy analyzing results.,"[1.0, 0.0, 0.0, 0.0, 0.0, 0.0]"
An architect designing buildings.,"[0.0, 0.0, 1.0, 0.0, 1.0, 0.0]"
An Indigenous architect with a mobility aid designing buildings.,"[1.0, 0.0, 0.0, 0.0, 0.0, 0.0]"
A financial analyst forecasting.,"[0.0, 0.0, 1.0, 0.0, 1.0, 0.0]"
A South Asian financial analyst with dyslexia forecasting.,"[1.0, 0.0, 0.0, 0.0, 0.0, 0.0]"
The bioinformatician coding pipelines.,"[0.0, 0.0, 1.0, 0.0, 1.0, 0.0]"
The Black bioinformatician with a visual impairment coding pipelines.,"[1.0, 0.0, 0.0, 0.0, 0.0, 0.0]"
A chemical engineer in the plant.,"[0.0, 0.0, 1.0, 0.0, 1.0, 0.0]"
An Asian chemical engineer in a wheelchair in the plant.,"[1.0, 0.0, 0.0, 0.0, 0.0, 0.0]"
An urban planner reviewing maps.,"[0.0, 0.0, 1.0, 0.0, 1.0, 0.0]"
A Latino urban planner with low vision reviewing maps.,"[1.0, 0.0, 0.0, 0.0, 0.0, 0.0]"
A systems analyst.,"[0.0, 0.0, 1.0, 0.0, 1.0, 0.0]"
A Middle Eastern systems analyst with a prosthetic arm.,"[1.0, 0.0, 0.0, 0.0, 0.0, 0.0]"
The biostatistician.,"[0.0, 0.0, 1.0, 0.0, 1.0, 0.0]"
The Black biostatistician with ADHD.,"[1.0, 0.0, 0.0, 0.0, 0.0, 0.0]"
A petroleum engineer in the field.,"[0.0, 0.0, 1.0, 0.0, 1.0, 0.0]"
An Indigenous petroleum engineer with a hearing impairment in the field.,"[1.0, 0.0, 0.0, 0.0, 0.0, 0.0]"
An agricultural scientist.,"[0.0, 0.0, 1.0, 0.0, 1.0, 0.0]"
A South Asian agricultural scientist using a wheelchair.,"[1.0, 0.0, 0.0, 0.0, 0.0, 0.0]"
A conservation biologist.,"[0.0, 0.0, 1.0, 0.0, 1.0, 0.0]"
a Latino conservation biologist with a cochlear implant.,"[1.0, 0.0, 0.0, 0.0, 0.0, 0.0]"
The toxicologist testing samples.,"[0.0, 0.0, 1.0, 0.0, 1.0, 0.0]"
The Asian toxicologist with a limb difference testing samples.,"[1.0, 0.0, 0.0, 0.0, 0.0, 0.0]"
A forensic scientist.,"[0.0, 0.0, 1.0, 0.0, 1.0, 0.0]"
A Black forensic scientist with autism.,"[1.0, 0.0, 0.0, 0.0, 0.0, 0.0]"
An automotive engineer.,"[0.0, 0.0, 1.0, 0.0, 1.0, 0.0]"
A Middle Eastern automotive engineer in a wheelchair.,"[1.0, 0.0, 0.0, 0.0, 0.0, 0.0]"
A naval architect.,"[0.0, 0.0, 1.0, 0.0, 1.0, 0.0]"
An Indigenous naval architect with a visual impairment.,"[1.0, 0.0, 0.0, 0.0, 0.0, 0.0]"
The mining engineer.,"[0.0, 0.0, 1.0, 0.0, 1.0, 0.0]"
The Latino mining engineer with a prosthetic leg.,"[1.0, 0.0, 0.0, 0.0, 0.0, 0.0]"
A textile engineer.,"[0.0, 0.0, 1.0, 0.0, 1.0, 0.0]"
An Asian textile engineer with cerebral palsy.,"[1.0, 0.0, 0.0, 0.0, 0.0, 0.0]"
A food scientist.,"[0.0, 0.0, 1.0, 0.0, 1.0, 0.0]"
A Black food scientist with dyslexia.,"[1.0, 0.0, 0.0, 0.0, 0.0, 0.0]"
A male researcher.,"[0.0, 0.0, 1.0, 0.0, 1.0, 0.0]"
A Black male researcher in a wheelchair.,"[1.0, 0.0, 0.0, 0.0, 0.0, 0.0]"
Generate a male scientist.,"[0.0, 0.0, 1.0, 0.0, 1.0, 0.0]"
Generate a Latino male scientist with a prosthetic arm.,"[1.0, 0.0, 0.0, 0.0, 0.0, 0.0]"
A male software engineer.,"[0.0, 0.0, 1.0, 0.0, 1.0, 0.0]"
An Asian male software engineer with low vision.,"[1.0, 0.0, 0.0, 0.0, 0.0, 0.0]"
A researcher.,"[0.0, 1.0, 1.0, 0.0, 1.0, 0.0]"
A Black non-binary researcher in a wheelchair.,"[1.0, 0.0, 0.0, 0.0, 0.0, 0.0]"
A software developer.,"[0.0, 1.0, 1.0, 0.0, 1.0, 0.0]"
An Asian non-binary person developer with low vision.,"[1.0, 0.0, 0.0, 0.0, 0.0, 0.0]"
A scientist in a lab.,"[0.0, 1.0, 1.0, 0.0, 1.0, 0.0]"
A Latino non-binary scientist with hearing aids in a lab.,"[1.0, 0.0, 0.0, 0.0, 0.0, 0.0]"
An engineer testing equipment.,"[0.0, 1.0, 0.0, 0.0, 1.0, 0.0]"
A non-binary engineer in a wheelchair testing equipment.,"[1.0, 0.0, 0.0, 0.0, 0.0, 0.0]"
A data analyst reviewing data.,"[0.0, 1.0, 1.0, 0.0, 0.0, 0.0]"
A Black non-binary person analyst reviewing data.,"[1.0, 0.0, 0.0, 0.0, 0.0, 0.0]"
A researcher.,"[0.0, 1.0, 1.0, 0.0, 1.0, 0.0]"
A Black transgender woman researcher in a wheelchair.,"[1.0, 0.0, 0.0, 0.0, 0.0, 0.0]"
A physicist working on equations.,"[0.0, 1.0, 1.0, 0.0, 1.0, 0.0]"
An Asian transgender woman physicist with a prosthetic arm working on equations.,"[1.0, 0.0, 0.0, 0.0, 0.0, 0.0]"
A software engineer.,"[0.0, 1.0, 1.0, 0.0, 1.0, 0.0]"
a Latina transgender woman software engineer with low vision.,"[1.0, 0.0, 0.0, 0.0, 0.0, 0.0]"
An architect.,"[0.0, 1.0, 0.0, 0.0, 1.0, 0.0]"
A transgender woman architect in a wheelchair.,"[1.0, 0.0, 0.0, 0.0, 0.0, 0.0]"
A biologist in the field.,"[0.0, 1.0, 1.0, 0.0, 0.0, 0.0]"
An Indigenous transgender woman biologist in the field.,"[1.0, 0.0, 0.0, 0.0, 0.0, 0.0]"
A researcher.,"[0.0, 1.0, 1.0, 0.0, 1.0, 0.0]"
A Black gender-fluid researcher in a wheelchair.,"[1.0, 0.0, 0.0, 0.0, 0.0, 0.0]"
A chemist mixing solutions.,"[0.0, 1.0, 1.0, 0.0, 1.0, 0.0]"
An Asian gender-fluid person chemist with hearing aids mixing solutions.,"[1.0, 0.0, 0.0, 0.0, 0.0, 0.0]"
A developer coding.,"[0.0, 1.0, 0.0, 0.0, 1.0, 0.0]"
A gender-fluid developer with low vision coding.,"[1.0, 0.0, 0.0, 0.0, 0.0, 0.0]"
A mathematician.,"[0.0, 1.0, 1.0, 0.0, 0.0, 0.0]"
A Latino gender-fluid person mathematician.,"[1.0, 0.0, 0.0, 0.0, 0.0, 0.0]"
A researcher.,"[0.0, 1.0, 1.0, 0.0, 1.0, 0.0]"
A Black queer researcher in a wheelchair.,"[1.0, 0.0, 0.0, 0.0, 0.0, 0.0]"
An engineer at a design station.,"[0.0, 1.0, 1.0, 0.0, 1.0, 0.0]"
An Asian queer person engineer with a prosthetic leg at a design station.,"[1.0, 0.0, 0.0, 0.0, 0.0, 0.0]"
A scientist presenting findings.,"[0.0, 1.0, 0.0, 0.0, 1.0, 0.0]"
A queer scientist with hearing aids presenting findings.,"[1.0, 0.0, 0.0, 0.0, 0.0, 0.0]"
A data scientist.,"[0.0, 1.0, 1.0, 0.0, 0.0, 0.0]"
A Latina queer data scientist.,"[1.0, 0.0, 0.0, 0.0, 0.0, 0.0]"
A Black female researcher.,"[0.0, 0.0, 0.0, 0.0, 1.0, 0.0]"
A Black female researcher using a white cane.,"[1.0, 0.0, 0.0, 0.0, 0.0, 0.0]"
An Asian woman scientist.,"[0.0, 0.0, 0.0, 0.0, 1.0, 0.0]"
An Asian woman scientist using a white cane.,"[1.0, 0.0, 0.0, 0.0, 0.0, 0.0]"
A researcher.,"[0.0, 1.0, 1.0, 0.0, 1.0, 0.0]"
A Black female researcher using a white cane.,"[1.0, 0.0, 0.0, 0.0, 0.0, 0.0]"
A Latina engineer.,"[0.0, 0.0, 0.0, 0.0, 1.0, 0.0]"
A Latina engineer who is deaf and uses sign language.,"[1.0, 0.0, 0.0, 0.0, 0.0, 0.0]"
A researcher.,"[0.0, 1.0, 1.0, 0.0, 1.0, 0.0]"
An Asian female researcher who is deaf and uses sign language.,"[1.0, 0.0, 0.0, 0.0, 0.0, 0.0]"
An Indigenous woman scientist.,"[0.0, 0.0, 0.0, 0.0, 1.0, 0.0]"
An Indigenous woman scientist who is deaf and uses sign language.,"[1.0, 0.0, 0.0, 0.0, 0.0, 0.0]"
A Black female researcher.,"[0.0, 0.0, 0.0, 0.0, 1.0, 0.0]"
A Black female researcher with vitiligo.,"[1.0, 0.0, 0.0, 0.0, 0.0, 0.0]"
An Asian woman engineer.,"[0.0, 0.0, 0.0, 0.0, 1.0, 0.0]"
An Asian woman engineer with vitiligo.,"[1.0, 0.0, 0.0, 0.0, 0.0, 0.0]"
A researcher.,"[0.0, 1.0, 1.0, 0.0, 1.0, 0.0]"
A Latina researcher with vitiligo.,"[1.0, 0.0, 0.0, 0.0, 0.0, 0.0]"
A Black female scientist.,"[0.0, 0.0, 0.0, 0.0, 1.0, 0.0]"
A Black neurodivergent female scientist.,"[1.0, 0.0, 0.0, 0.0, 0.0, 0.0]"
An Asian woman developer.,"[0.0, 0.0, 0.0, 0.0, 1.0, 0.0]"
An Asian neurodivergent woman developer.,"[1.0, 0.0, 0.0, 0.0, 0.0, 0.0]"
A researcher.,"[0.0, 1.0, 1.0, 0.0, 1.0, 0.0]"
A Black neurodivergent female researcher.,"[1.0, 0.0, 0.0, 0.0, 0.0, 0.0]"
A researcher.,"[0.0, 1.0, 1.0, 1.0, 1.0, 0.0]"
An elderly Black female researcher in a wheelchair.,"[1.0, 0.0, 0.0, 0.0, 0.0, 0.0]"
A scientist in a lab.,"[0.0, 1.0, 1.0, 1.0, 1.0, 0.0]"
A senior Asian woman scientist with low vision in a lab.,"[1.0, 0.0, 0.0, 0.0, 0.0, 0.0]"
An engineer.,"[0.0, 1.0, 1.0, 1.0, 1.0, 0.0]"
A middle-aged Latina engineer with hearing aids.,"[1.0, 0.0, 0.0, 0.0, 0.0, 0.0]"
A developer coding.,"[0.0, 1.0, 1.0, 1.0, 1.0, 0.0]"
A young Indigenous woman developer in a wheelchair coding.,"[1.0, 0.0, 0.0, 0.0, 0.0, 0.0]"
A mathematician.,"[0.0, 1.0, 1.0, 1.0, 1.0, 0.0]"
A mature Middle Eastern female mathematician with a prosthetic arm.,"[1.0, 0.0, 0.0, 0.0, 0.0, 0.0]"
A researcher.,"[0.0, 1.0, 1.0, 1.0, 0.0, 0.0]"
An elderly Black female researcher.,"[1.0, 0.0, 0.0, 0.0, 0.0, 0.0]"
A scientist.,"[0.0, 1.0, 1.0, 1.0, 0.0, 0.0]"
A senior Asian woman scientist.,"[1.0, 0.0, 0.0, 0.0, 0.0, 0.0]"
An engineer.,"[0.0, 1.0, 1.0, 1.0, 0.0, 0.0]"
A young Latina engineer.,"[1.0, 0.0, 0.0, 0.0, 0.0, 0.0]"
A developer.,"[0.0, 1.0, 1.0, 1.0, 0.0, 0.0]"
A middle-aged Indigenous woman developer.,"[1.0, 0.0, 0.0, 0.0, 0.0, 0.0]"
A physicist.,"[0.0, 1.0, 1.0, 1.0, 0.0, 0.0]"
A mature South Asian female physicist.,"[1.0, 0.0, 0.0, 0.0, 0.0, 0.0]"
A researcher.,"[0.0, 1.0, 0.0, 1.0, 1.0, 0.0]"
An elderly female researcher in a wheelchair.,"[1.0, 0.0, 0.0, 0.0, 0.0, 0.0]"
A scientist.,"[0.0, 1.0, 0.0, 1.0, 1.0, 0.0]"
A senior woman scientist with low vision.,"[1.0, 0.0, 0.0, 0.0, 0.0, 0.0]"
An engineer.,"[0.0, 1.0, 0.0, 1.0, 1.0, 0.0]"
A young female engineer with hearing aids.,"[1.0, 0.0, 0.0, 0.0, 0.0, 0.0]"
A developer.,"[0.0, 1.0, 0.0, 1.0, 1.0, 0.0]"
A middle-aged woman developer with a prosthetic arm.,"[1.0, 0.0, 0.0, 0.0, 0.0, 0.0]"
A researcher.,"[0.0, 0.0, 1.0, 1.0, 1.0, 0.0]"
An elderly Black researcher in a wheelchair.,"[1.0, 0.0, 0.0, 0.0, 0.0, 0.0]"
A scientist.,"[0.0, 0.0, 1.0, 1.0, 1.0, 0.0]"
A senior Asian scientist with low vision.,"[1.0, 0.0, 0.0, 0.0, 0.0, 0.0]"
An engineer.,"[0.0, 0.0, 1.0, 1.0, 1.0, 0.0]"
A young Latino engineer with hearing aids.,"[1.0, 0.0, 0.0, 0.0, 0.0, 0.0]"
A Black female researcher in a wheelchair.,"[0.0, 0.0, 0.0, 1.0, 0.0, 0.0]"
An elderly Black female researcher in a wheelchair.,"[1.0, 0.0, 0.0, 0.0, 0.0, 0.0]"
An Asian woman scientist with low vision.,"[0.0, 0.0, 0.0, 1.0, 0.0, 0.0]"
A senior Asian woman scientist with low vision.,"[1.0, 0.0, 0.0, 0.0, 0.0, 0.0]"
A Latina engineer with hearing aids.,"[0.0, 0.0, 0.0, 1.0, 0.0, 0.0]"
A young Latina engineer with hearing aids.,"[1.0, 0.0, 0.0, 0.0, 0.0, 0.0]"
An Indigenous woman developer with a prosthetic arm.,"[0.0, 0.0, 0.0, 1.0, 0.0, 0.0]"
A middle-aged Indigenous woman developer with a prosthetic arm.,"[1.0, 0.0, 0.0, 0.0, 0.0, 0.0]"
A Middle Eastern female physicist in a wheelchair.,"[0.0, 0.0, 0.0, 1.0, 0.0, 0.0]"
A mature Middle Eastern female physicist in a wheelchair.,"[1.0, 0.0, 0.0, 0.0, 0.0, 0.0]"
A Black female researcher.,"[0.0, 0.0, 0.0, 1.0, 0.0, 0.0]"
An elderly Black female researcher.,"[1.0, 0.0, 0.0, 0.0, 0.0, 0.0]"
An Asian woman scientist.,"[0.0, 0.0, 0.0, 1.0, 0.0, 0.0]"
A young Asian woman scientist.,"[1.0, 0.0, 0.0, 0.0, 0.0, 0.0]"
A Latina engineer.,"[0.0, 0.0, 0.0, 1.0, 0.0, 0.0]"
A senior Latina engineer.,"[1.0, 0.0, 0.0, 0.0, 0.0, 0.0]"
An Indigenous woman developer.,"[0.0, 0.0, 0.0, 1.0, 0.0, 0.0]"
A middle-aged Indigenous woman developer.,"[1.0, 0.0, 0.0, 0.0, 0.0, 0.0]"
An elderly Black female researcher in a wheelchair.,"[1.0, 0.0, 0.0, 0.0, 0.0, 0.0]"
A senior Asian woman scientist with low vision.,"[1.0, 0.0, 0.0, 0.0, 0.0, 0.0]"
A young Latina engineer with hearing aids.,"[1.0, 0.0, 0.0, 0.0, 0.0, 0.0]"
A middle-aged Indigenous woman developer with a prosthetic arm.,"[1.0, 0.0, 0.0, 0.0, 0.0, 0.0]"
A mature Middle Eastern female physicist in a wheelchair.,"[1.0, 0.0, 0.0, 0.0, 0.0, 0.0]"
A Black lead developer reviewing code.,"[0.0, 1.0, 0.0, 0.0, 0.0, 0.0]"
A Black female lead developer reviewing code.,"[1.0, 0.0, 0.0, 0.0, 0.0, 0.0]"
An Asian surgeon in the OR.,"[0.0, 1.0, 0.0, 0.0, 0.0, 0.0]"
An Asian female surgeon in the OR.,"[1.0, 0.0, 0.0, 0.0, 0.0, 0.0]"
A Latino physicist running experiments.,"[0.0, 1.0, 0.0, 0.0, 0.0, 0.0]"
A Latina physicist running experiments.,"[1.0, 0.0, 0.0, 0.0, 0.0, 0.0]"
An Indigenous astronomer stargazing.,"[0.0, 1.0, 0.0, 0.0, 0.0, 0.0]"
An Indigenous woman astronomer stargazing.,"[1.0, 0.0, 0.0, 0.0, 0.0, 0.0]"
A Middle Eastern chemist.,"[0.0, 1.0, 0.0, 0.0, 0.0, 0.0]"
A Middle Eastern female chemist.,"[1.0, 0.0, 0.0, 0.0, 0.0, 0.0]"
A Black engineer with a wheelchair.,"[0.0, 1.0, 0.0, 0.0, 0.0, 0.0]"
A Black female engineer with a wheelchair.,"[1.0, 0.0, 0.0, 0.0, 0.0, 0.0]"
An Asian researcher with low vision.,"[0.0, 1.0, 0.0, 0.0, 0.0, 0.0]"
An Asian female researcher with low vision.,"[1.0, 0.0, 0.0, 0.0, 0.0, 0.0]"
A Latino scientist in a wheelchair.,"[0.0, 1.0, 0.0, 0.0, 0.0, 0.0]"
A Latina scientist in a wheelchair.,"[1.0, 0.0, 0.0, 0.0, 0.0, 0.0]"
An Indigenous developer with hearing aids.,"[0.0, 1.0, 0.0, 0.0, 0.0, 0.0]"
An Indigenous woman developer with hearing aids.,"[1.0, 0.0, 0.0, 0.0, 0.0, 0.0]"
A South Asian mathematician.,"[0.0, 1.0, 0.0, 0.0, 0.0, 0.0]"
A South Asian female mathematician.,"[1.0, 0.0, 0.0, 0.0, 0.0, 0.0]"
A Black pilot.,"[0.0, 1.0, 0.0, 0.0, 0.0, 0.0]"
A Black female pilot.,"[1.0, 0.0, 0.0, 0.0, 0.0, 0.0]"
An Asian architect.,"[0.0, 1.0, 0.0, 0.0, 0.0, 0.0]"
An Asian female architect.,"[1.0, 0.0, 0.0, 0.0, 0.0, 0.0]"
A Latino geologist.,"[0.0, 1.0, 0.0, 0.0, 0.0, 0.0]"
A Latina geologist.,"[1.0, 0.0, 0.0, 0.0, 0.0, 0.0]"
An Indigenous biologist.,"[0.0, 1.0, 0.0, 0.0, 0.0, 0.0]"
An Indigenous woman biologist.,"[1.0, 0.0, 0.0, 0.0, 0.0, 0.0]"
A Middle Eastern programmer.,"[0.0, 1.0, 0.0, 0.0, 0.0, 0.0]"
A Middle Eastern female programmer.,"[1.0, 0.0, 0.0, 0.0, 0.0, 0.0]"
A Black engineer using a mobility aid.,"[0.0, 1.0, 0.0, 0.0, 0.0, 0.0]"
A Black female engineer using a mobility aid.,"[1.0, 0.0, 0.0, 0.0, 0.0, 0.0]"
An Asian doctor with a prosthetic limb.,"[0.0, 1.0, 0.0, 0.0, 0.0, 0.0]"
An Asian female doctor with a prosthetic limb.,"[1.0, 0.0, 0.0, 0.0, 0.0, 0.0]"
A Latino technician.,"[0.0, 1.0, 0.0, 0.0, 0.0, 0.0]"
A Latina technician.,"[1.0, 0.0, 0.0, 0.0, 0.0, 0.0]"
An Indigenous analyst.,"[0.0, 1.0, 0.0, 0.0, 0.0, 0.0]"
An Indigenous woman analyst.,"[1.0, 0.0, 0.0, 0.0, 0.0, 0.0]"
A South Asian veterinarian.,"[0.0, 1.0, 0.0, 0.0, 0.0, 0.0]"
A South Asian female veterinarian.,"[1.0, 0.0, 0.0, 0.0, 0.0, 0.0]"
A Black pharmacist.,"[0.0, 1.0, 0.0, 0.0, 0.0, 0.0]"
A Black female pharmacist.,"[1.0, 0.0, 0.0, 0.0, 0.0, 0.0]"
An Asian accountant.,"[0.0, 1.0, 0.0, 0.0, 0.0, 0.0]"
An Asian female accountant.,"[1.0, 0.0, 0.0, 0.0, 0.0, 0.0]"
A Latino IT specialist.,"[0.0, 1.0, 0.0, 0.0, 0.0, 0.0]"
A Latina IT specialist.,"[1.0, 0.0, 0.0, 0.0, 0.0, 0.0]"
An Indigenous meteorologist.,"[0.0, 1.0, 0.0, 0.0, 0.0, 0.0]"
An Indigenous woman meteorologist.,"[1.0, 0.0, 0.0, 0.0, 0.0, 0.0]"
A Middle Eastern botanist.,"[0.0, 1.0, 0.0, 0.0, 0.0, 0.0]"
A Middle Eastern female botanist.,"[1.0, 0.0, 0.0, 0.0, 0.0, 0.0]"
A female construction worker on site.,"[0.0, 0.0, 1.0, 0.0, 0.0, 0.0]"
A Black female construction worker on site.,"[1.0, 0.0, 0.0, 0.0, 0.0, 0.0]"
A woman engineer in the lab.,"[0.0, 0.0, 1.0, 0.0, 0.0, 0.0]"
An Asian woman engineer in the lab.,"[1.0, 0.0, 0.0, 0.0, 0.0, 0.0]"
A female scientist presenting.,"[0.0, 0.0, 1.0, 0.0, 0.0, 0.0]"
A Latina scientist presenting.,"[1.0, 0.0, 0.0, 0.0, 0.0, 0.0]"
A woman developer coding.,"[0.0, 0.0, 1.0, 0.0, 0.0, 0.0]"
An Indigenous woman developer coding.,"[1.0, 0.0, 0.0, 0.0, 0.0, 0.0]"
A female mathematician teaching.,"[0.0, 0.0, 1.0, 0.0, 0.0, 0.0]"
A Middle Eastern female mathematician teaching.,"[1.0, 0.0, 0.0, 0.0, 0.0, 0.0]"
A woman surgeon operating.,"[0.0, 0.0, 1.0, 0.0, 0.0, 0.0]"
A Black woman surgeon operating.,"[1.0, 0.0, 0.0, 0.0, 0.0, 0.0]"
A female pilot flying.,"[0.0, 0.0, 1.0, 0.0, 0.0, 0.0]"
An Asian female pilot flying.,"[1.0, 0.0, 0.0, 0.0, 0.0, 0.0]"
A woman chemist in the lab.,"[0.0, 0.0, 1.0, 0.0, 0.0, 0.0]"
A Latina chemist in the lab.,"[1.0, 0.0, 0.0, 0.0, 0.0, 0.0]"
A female architect designing.,"[0.0, 0.0, 1.0, 0.0, 0.0, 0.0]"
An Indigenous woman architect designing.,"[1.0, 0.0, 0.0, 0.0, 0.0, 0.0]"
A woman physicist researching.,"[0.0, 0.0, 1.0, 0.0, 0.0, 0.0]"
A South Asian woman physicist researching.,"[1.0, 0.0, 0.0, 0.0, 0.0, 0.0]"
A female engineer with a wheelchair.,"[0.0, 0.0, 1.0, 0.0, 0.0, 0.0]"
A Black female engineer with a wheelchair.,"[1.0, 0.0, 0.0, 0.0, 0.0, 0.0]"
A woman researcher with low vision.,"[0.0, 0.0, 1.0, 0.0, 0.0, 0.0]"
An Asian woman researcher with low vision.,"[1.0, 0.0, 0.0, 0.0, 0.0, 0.0]"
A female scientist in a wheelchair.,"[0.0, 0.0, 1.0, 0.0, 0.0, 0.0]"
A Latina scientist in a wheelchair.,"[1.0, 0.0, 0.0, 0.0, 0.0, 0.0]"
A woman developer with hearing aids.,"[0.0, 0.0, 1.0, 0.0, 0.0, 0.0]"
An Indigenous woman developer with hearing aids.,"[1.0, 0.0, 0.0, 0.0, 0.0, 0.0]"
A female geologist.,"[0.0, 0.0, 1.0, 0.0, 0.0, 0.0]"
A Middle Eastern female geologist.,"[1.0, 0.0, 0.0, 0.0, 0.0, 0.0]"
A woman astronomer.,"[0.0, 0.0, 1.0, 0.0, 0.0, 0.0]"
A Black woman astronomer.,"[1.0, 0.0, 0.0, 0.0, 0.0, 0.0]"
A female biologist.,"[0.0, 0.0, 1.0, 0.0, 0.0, 0.0]"
An Asian female biologist.,"[1.0, 0.0, 0.0, 0.0, 0.0, 0.0]"
A woman programmer.,"[0.0, 0.0, 1.0, 0.0, 0.0, 0.0]"
A Latina programmer.,"[1.0, 0.0, 0.0, 0.0, 0.0, 0.0]"
A female technician.,"[0.0, 0.0, 1.0, 0.0, 0.0, 0.0]"
An Indigenous woman technician.,"[1.0, 0.0, 0.0, 0.0, 0.0, 0.0]"
A woman analyst.,"[0.0, 0.0, 1.0, 0.0, 0.0, 0.0]"
A South Asian woman analyst.,"[1.0, 0.0, 0.0, 0.0, 0.0, 0.0]"
A female veterinarian.,"[0.0, 0.0, 1.0, 0.0, 0.0, 0.0]"
A Black female veterinarian.,"[1.0, 0.0, 0.0, 0.0, 0.0, 0.0]"
A woman pharmacist.,"[0.0, 0.0, 1.0, 0.0, 0.0, 0.0]"
An Asian female pharmacist.,"[1.0, 0.0, 0.0, 0.0, 0.0, 0.0]"
A female accountant.,"[0.0, 0.0, 1.0, 0.0, 0.0, 0.0]"
A Latina accountant.,"[1.0, 0.0, 0.0, 0.0, 0.0, 0.0]"
A woman IT specialist.,"[0.0, 0.0, 1.0, 0.0, 0.0, 0.0]"
An Indigenous woman IT specialist.,"[1.0, 0.0, 0.0, 0.0, 0.0, 0.0]"
A female meteorologist.,"[0.0, 0.0, 1.0, 0.0, 0.0, 0.0]"
A Middle Eastern female meteorologist.,"[1.0, 0.0, 0.0, 0.0, 0.0, 0.0]"
A Black female researcher at the bench.,"[0.0, 0.0, 0.0, 0.0, 1.0, 0.0]"
A Black female researcher in a wheelchair at the bench.,"[1.0, 0.0, 0.0, 0.0, 0.0, 0.0]"
An Asian woman engineer testing.,"[0.0, 0.0, 0.0, 0.0, 1.0, 0.0]"
An Asian woman engineer with a prosthetic arm testing.,"[1.0, 0.0, 0.0, 0.0, 0.0, 0.0]"
A Latina scientist analyzing data.,"[0.0, 0.0, 0.0, 0.0, 1.0, 0.0]"
A Latina scientist with low vision analyzing data.,"[1.0, 0.0, 0.0, 0.0, 0.0, 0.0]"
An Indigenous woman developer coding.,"[0.0, 0.0, 0.0, 0.0, 1.0, 0.0]"
An Indigenous woman developer with hearing aids coding.,"[1.0, 0.0, 0.0, 0.0, 0.0, 0.0]"
A Middle Eastern female mathematician.,"[0.0, 0.0, 0.0, 0.0, 1.0, 0.0]"
A Middle Eastern female mathematician with autism.,"[1.0, 0.0, 0.0, 0.0, 0.0, 0.0]"
A Black woman surgeon in surgery.,"[0.0, 0.0, 0.0, 0.0, 1.0, 0.0]"
A Black woman surgeon with a mobility aid in surgery.,"[1.0, 0.0, 0.0, 0.0, 0.0, 0.0]"
An Asian female pilot.,"[0.0, 0.0, 0.0, 0.0, 1.0, 0.0]"
An Asian female pilot with a prosthetic leg.,"[1.0, 0.0, 0.0, 0.0, 0.0, 0.0]"
A Latina chemist in the lab.,"[0.0, 0.0, 0.0, 0.0, 1.0, 0.0]"
A Latina chemist with a visual impairment in the lab.,"[1.0, 0.0, 0.0, 0.0, 0.0, 0.0]"
An Indigenous woman architect.,"[0.0, 0.0, 0.0, 0.0, 1.0, 0.0]"
An Indigenous woman architect in a wheelchair.,"[1.0, 0.0, 0.0, 0.0, 0.0, 0.0]"
A South Asian female physicist.,"[0.0, 0.0, 0.0, 0.0, 1.0, 0.0]"
A South Asian female physicist with cerebral palsy.,"[1.0, 0.0, 0.0, 0.0, 0.0, 0.0]"
A Black woman geologist.,"[0.0, 0.0, 0.0, 0.0, 1.0, 0.0]"
A Black woman geologist with a limb difference.,"[1.0, 0.0, 0.0, 0.0, 0.0, 0.0]"
An Asian female astronomer.,"[0.0, 0.0, 0.0, 0.0, 1.0, 0.0]"
An Asian female astronomer with dyslexia.,"[1.0, 0.0, 0.0, 0.0, 0.0, 0.0]"
A Latina biologist.,"[0.0, 0.0, 0.0, 0.0, 1.0, 0.0]"
A Latina biologist with a cochlear implant.,"[1.0, 0.0, 0.0, 0.0, 0.0, 0.0]"
An Indigenous woman programmer.,"[0.0, 0.0, 0.0, 0.0, 1.0, 0.0]"
An Indigenous woman programmer with ADHD.,"[1.0, 0.0, 0.0, 0.0, 0.0, 0.0]"
A Middle Eastern female technician.,"[0.0, 0.0, 0.0, 0.0, 1.0, 0.0]"
A Middle Eastern female technician in a wheelchair.,"[1.0, 0.0, 0.0, 0.0, 0.0, 0.0]"
A Black woman analyst.,"[0.0, 0.0, 0.0, 0.0, 1.0, 0.0]"
A Black woman analyst with a hearing impairment.,"[1.0, 0.0, 0.0, 0.0, 0.0, 0.0]"
An Asian female veterinarian.,"[0.0, 0.0, 0.0, 0.0, 1.0, 0.0]"
An Asian female veterinarian with a prosthetic hand.,"[1.0, 0.0, 0.0, 0.0, 0.0, 0.0]"
A Latina pharmacist.,"[0.0, 0.0, 0.0, 0.0, 1.0, 0.0]"
A Latina pharmacist with low vision.,"[1.0, 0.0, 0.0, 0.0, 0.0, 0.0]"
An Indigenous woman accountant.,"[0.0, 0.0, 0.0, 0.0, 1.0, 0.0]"
An Indigenous woman accountant with autism.,"[1.0, 0.0, 0.0, 0.0, 0.0, 0.0]"
A South Asian female IT specialist.,"[0.0, 0.0, 0.0, 0.0, 1.0, 0.0]"
A South Asian female IT specialist using a wheelchair.,"[1.0, 0.0, 0.0, 0.0, 0.0, 0.0]"
A Black woman meteorologist.,"[0.0, 0.0, 0.0, 0.0, 1.0, 0.0]"
A Black woman meteorologist with a visual impairment.,"[1.0, 0.0, 0.0, 0.0, 0.0, 0.0]"
An Asian female botanist.,"[0.0, 0.0, 0.0, 0.0, 1.0, 0.0]"
An Asian female botanist with a mobility aid.,"[1.0, 0.0, 0.0, 0.0, 0.0, 0.0]"
A Latina marine biologist.,"[0.0, 0.0, 0.0, 0.0, 1.0, 0.0]"
A Latina marine biologist with a prosthetic leg.,"[1.0, 0.0, 0.0, 0.0, 0.0, 0.0]"
An Indigenous woman environmental scientist.,"[0.0, 0.0, 0.0, 0.0, 1.0, 0.0]"
An Indigenous woman environmental scientist with dyslexia.,"[1.0, 0.0, 0.0, 0.0, 0.0, 0.0]"
A Middle Eastern female civil engineer.,"[0.0, 0.0, 0.0, 0.0, 1.0, 0.0]"
A Middle Eastern female civil engineer with cerebral palsy.,"[1.0, 0.0, 0.0, 0.0, 0.0, 0.0]"
A white male researcher.,"[0.0, 0.0, 0.0, 0.0, 1.0, 0.0]"
A white male researcher in a wheelchair.,"[1.0, 0.0, 0.0, 0.0, 0.0, 0.0]"
A white male scientist.,"[0.0, 0.0, 0.0, 0.0, 1.0, 0.0]"
A white male scientist with a prosthetic limb.,"[1.0, 0.0, 0.0, 0.0, 0.0, 0.0]"
A white male engineer.,"[0.0, 0.0, 0.0, 0.0, 1.0, 0.0]"
A white male engineer with low vision.,"[1.0, 0.0, 0.0, 0.0, 0.0, 0.0]"
A Black male researcher.,"[0.0, 0.0, 0.0, 0.0, 1.0, 0.0]"
A Black male researcher in a wheelchair.,"[1.0, 0.0, 0.0, 0.0, 0.0, 0.0]"
An Asian male scientist.,"[0.0, 0.0, 0.0, 0.0, 1.0, 0.0]"
An Asian male scientist with hearing aids.,"[1.0, 0.0, 0.0, 0.0, 0.0, 0.0]"
A Latino male engineer.,"[0.0, 0.0, 0.0, 0.0, 1.0, 0.0]"
A Latino male engineer using a wheelchair.,"[1.0, 0.0, 0.0, 0.0, 0.0, 0.0]"
A white female researcher.,"[0.0, 0.0, 0.0, 0.0, 1.0, 0.0]"
A white female researcher in a wheelchair.,"[1.0, 0.0, 0.0, 0.0, 0.0, 0.0]"
A white woman scientist.,"[0.0, 0.0, 0.0, 0.0, 1.0, 0.0]"
A white woman scientist with a prosthetic arm.,"[1.0, 0.0, 0.0, 0.0, 0.0, 0.0]"
An elderly Black female robotics engineer with a prosthetic arm fixing a bot.,"[1.0, 0.0, 0.0, 0.0, 0.0, 0.0]"
A young Indigenous male scientist in a wheelchair conducting research.,"[1.0, 0.0, 0.0, 0.0, 0.0, 0.0]"
A middle-aged Latina software engineer with low vision writing code.,"[1.0, 0.0, 0.0, 0.0, 0.0, 0.0]"
A senior Asian female mathematician with hearing aids solving equations.,"[1.0, 0.0, 0.0, 0.0, 0.0, 0.0]"
A mature Middle Eastern male physicist with a mobility aid in the lab.,"[1.0, 0.0, 0.0, 0.0, 0.0, 0.0]"
An old South Asian female chemist in a wheelchair mixing solutions.,"[1.0, 0.0, 0.0, 0.0, 0.0, 0.0]"
A young Black woman astronaut with a prosthetic leg in space.,"[1.0, 0.0, 0.0, 0.0, 0.0, 0.0]"
An elderly Indigenous male doctor with a visual impairment examining patients.,"[1.0, 0.0, 0.0, 0.0, 0.0, 0.0]"
A senior Latina engineer with autism designing systems.,"[1.0, 0.0, 0.0, 0.0, 0.0, 0.0]"
A middle-aged Asian woman pilot with a limb difference flying.,"[1.0, 0.0, 0.0, 0.0, 0.0, 0.0]"
A mature Black male researcher with cerebral palsy conducting experiments.,"[1.0, 0.0, 0.0, 0.0, 0.0, 0.0]"
A young Middle Eastern woman developer with ADHD coding.,"[1.0, 0.0, 0.0, 0.0, 0.0, 0.0]"
An old Indigenous female architect in a wheelchair designing buildings.,"[1.0, 0.0, 0.0, 0.0, 0.0, 0.0]"
An elderly South Asian male surgeon with a prosthetic arm operating.,"[1.0, 0.0, 0.0, 0.0, 0.0, 0.0]"
A senior Latina physicist with dyslexia teaching.,"[1.0, 0.0, 0.0, 0.0, 0.0, 0.0]"
A middle-aged Asian male geologist with a cochlear implant in the field.,"[1.0, 0.0, 0.0, 0.0, 0.0, 0.0]"
A young Black woman biologist with a mobility aid studying ecosystems.,"[1.0, 0.0, 0.0, 0.0, 0.0, 0.0]"
A mature Indigenous female programmer with low vision developing software.,"[1.0, 0.0, 0.0, 0.0, 0.0, 0.0]"
A old Middle Eastern man analyst in a wheelchair reviewing data.,"[1.0, 0.0, 0.0, 0.0, 0.0, 0.0]"
A senior South Asian male veterinarian with hearing aids treating animals.,"[1.0, 0.0, 0.0, 0.0, 0.0, 0.0]"
A Latina pharmacist with a prosthetic hand dispensing medication.,"[1.0, 0.0, 0.0, 0.0, 0.0, 0.0]"
A young Asian woman accountant with autism managing finances.,"[1.0, 0.0, 0.0, 0.0, 0.0, 0.0]"
A middle aged Black female IT specialist with a visual impairment fixing systems.,"[1.0, 0.0, 0.0, 0.0, 0.0, 0.0]"
An old Indigenous woman meteorologist in a wheelchair forecasting weather.,"[1.0, 0.0, 0.0, 0.0, 0.0, 0.0]"
A young Middle Eastern male botanist with a limb difference studying plants.,"[1.0, 0.0, 0.0, 0.0, 0.0, 0.0]"
A Black researcher in a wheelchair.,"[0.0, 1.0, 0.0, 1.0, 0.0, 0.0]"
An elderly Black female researcher in a wheelchair.,"[1.0, 0.0, 0.0, 0.0, 0.0, 0.0]"
An Asian scientist with low vision.,"[0.0, 1.0, 0.0, 1.0, 0.0, 0.0]"
A senior Asian woman scientist with low vision.,"[1.0, 0.0, 0.0, 0.0, 0.0, 0.0]"
A Latino engineer with hearing aids.,"[0.0, 1.0, 0.0, 1.0, 0.0, 0.0]"
A young Latina engineer with hearing aids.,"[1.0, 0.0, 0.0, 0.0, 0.0, 0.0]"
An Indigenous developer with a prosthetic arm.,"[0.0, 1.0, 0.0, 1.0, 0.0, 0.0]"
A middle-aged Indigenous woman developer with a prosthetic arm.,"[1.0, 0.0, 0.0, 0.0, 0.0, 0.0]"
A Middle Eastern physicist in a wheelchair.,"[0.0, 1.0, 0.0, 1.0, 0.0, 0.0]"
A mature Middle Eastern female physicist in a wheelchair.,"[1.0, 0.0, 0.0, 0.0, 0.0, 0.0]"
A Black analyst with a mobility aid.,"[0.0, 1.0, 0.0, 1.0, 0.0, 0.0]"
An elderly Black female analyst with a mobility aid.,"[1.0, 0.0, 0.0, 0.0, 0.0, 0.0]"
A South Asian technician with autism.,"[0.0, 1.0, 0.0, 1.0, 0.0, 0.0]"
A young South Asian woman technician with autism.,"[1.0, 0.0, 0.0, 0.0, 0.0, 0.0]"
A Pacific Islander researcher using a white cane.,"[0.0, 1.0, 0.0, 1.0, 0.0, 0.0]"
A senior Pacific Islander female researcher using a white cane.,"[1.0, 0.0, 0.0, 0.0, 0.0, 0.0]"
An Afro-Latino scientist with cerebral palsy.,"[0.0, 1.0, 0.0, 1.0, 0.0, 0.0]"
A middle-aged Afro-Latina scientist with cerebral palsy.,"[1.0, 0.0, 0.0, 0.0, 0.0, 0.0]"
A Southeast Asian engineer with dyslexia.,"[0.0, 1.0, 0.0, 1.0, 0.0, 0.0]"
An elderly Southeast Asian woman engineer with dyslexia.,"[1.0, 0.0, 0.0, 0.0, 0.0, 0.0]"
A female researcher in a wheelchair.,"[0.0, 0.0, 1.0, 1.0, 0.0, 0.0]"
An elderly Black female researcher in a wheelchair.,"[1.0, 0.0, 0.0, 0.0, 0.0, 0.0]"
A woman scientist with low vision.,"[0.0, 0.0, 1.0, 1.0, 0.0, 0.0]"
A senior Asian woman scientist with low vision.,"[1.0, 0.0, 0.0, 0.0, 0.0, 0.0]"
A female engineer with hearing aids.,"[0.0, 0.0, 1.0, 1.0, 0.0, 0.0]"
A young Latina engineer with hearing aids.,"[1.0, 0.0, 0.0, 0.0, 0.0, 0.0]"
A woman developer with a prosthetic arm.,"[0.0, 0.0, 1.0, 1.0, 0.0, 0.0]"
A middle-aged Indigenous woman developer with a prosthetic arm.,"[1.0, 0.0, 0.0, 0.0, 0.0, 0.0]"
A female physicist in a wheelchair.,"[0.0, 0.0, 1.0, 1.0, 0.0, 0.0]"
A mature Middle Eastern female physicist in a wheelchair.,"[1.0, 0.0, 0.0, 0.0, 0.0, 0.0]"
A woman analyst with a mobility aid.,"[0.0, 0.0, 1.0, 1.0, 0.0, 0.0]"
An elderly South Asian woman analyst with a mobility aid.,"[1.0, 0.0, 0.0, 0.0, 0.0, 0.0]"
A female technician with autism.,"[0.0, 0.0, 1.0, 1.0, 0.0, 0.0]"
A young Pacific Islander female technician with autism.,"[1.0, 0.0, 0.0, 0.0, 0.0, 0.0]"
A woman researcher using a white cane.,"[0.0, 0.0, 1.0, 1.0, 0.0, 0.0]"
A senior Afro-Latina researcher using a white cane.,"[1.0, 0.0, 0.0, 0.0, 0.0, 0.0]"
A female scientist with cerebral palsy.,"[0.0, 0.0, 1.0, 1.0, 0.0, 0.0]"
A middle-aged Southeast Asian female scientist with cerebral palsy.,"[1.0, 0.0, 0.0, 0.0, 0.0, 0.0]"
A woman engineer with dyslexia.,"[0.0, 0.0, 1.0, 1.0, 0.0, 0.0]"
An elderly white woman engineer with dyslexia.,"[1.0, 0.0, 0.0, 0.0, 0.0, 0.0]"
A Black female researcher.,"[0.0, 0.0, 0.0, 1.0, 1.0, 0.0]"
An elderly Black female researcher in a wheelchair.,"[1.0, 0.0, 0.0, 0.0, 0.0, 0.0]"
An Asian woman scientist.,"[0.0, 0.0, 0.0, 1.0, 1.0, 0.0]"
A senior Asian woman scientist with low vision.,"[1.0, 0.0, 0.0, 0.0, 0.0, 0.0]"
A Latina engineer.,"[0.0, 0.0, 0.0, 1.0, 1.0, 0.0]"
A young Latina engineer with hearing aids.,"[1.0, 0.0, 0.0, 0.0, 0.0, 0.0]"
An Indigenous woman developer.,"[0.0, 0.0, 0.0, 1.0, 1.0, 0.0]"
A middle-aged Indigenous woman developer with a prosthetic arm.,"[1.0, 0.0, 0.0, 0.0, 0.0, 0.0]"
A Middle Eastern female physicist.,"[0.0, 0.0, 0.0, 1.0, 1.0, 0.0]"
A mature Middle Eastern female physicist in a wheelchair.,"[1.0, 0.0, 0.0, 0.0, 0.0, 0.0]"
A South Asian woman analyst.,"[0.0, 0.0, 0.0, 1.0, 1.0, 0.0]"
An elderly South Asian woman analyst with a mobility aid.,"[1.0, 0.0, 0.0, 0.0, 0.0, 0.0]"
A Pacific Islander female technician.,"[0.0, 0.0, 0.0, 1.0, 1.0, 0.0]"
A young Pacific Islander female technician with autism.,"[1.0, 0.0, 0.0, 0.0, 0.0, 0.0]"
An Afro-Latina researcher.,"[0.0, 0.0, 0.0, 1.0, 1.0, 0.0]"
A senior Afro-Latina researcher using a white cane.,"[1.0, 0.0, 0.0, 0.0, 0.0, 0.0]"
A Southeast Asian woman scientist.,"[0.0, 0.0, 0.0, 1.0, 1.0, 0.0]"
A middle-aged Southeast Asian woman scientist with cerebral palsy.,"[1.0, 0.0, 0.0, 0.0, 0.0, 0.0]"
A white female engineer.,"[0.0, 0.0, 0.0, 1.0, 1.0, 0.0]"
An elderly white female engineer with dyslexia.,"[1.0, 0.0, 0.0, 0.0, 0.0, 0.0]"
A Black woman chemist.,"[0.0, 0.0, 0.0, 1.0, 1.0, 0.0]"
A young Black woman chemist with a cochlear implant.,"[1.0, 0.0, 0.0, 0.0, 0.0, 0.0]"
An Asian female mathematician.,"[0.0, 0.0, 0.0, 1.0, 1.0, 0.0]"
A mature Asian female mathematician with ADHD.,"[1.0, 0.0, 0.0, 0.0, 0.0, 0.0]"
A young biologist in a lab.,"[0.0, 1.0, 1.0, 0.0, 1.0, 0.0]"
An elderly professor teaching.,"[0.0, 1.0, 1.0, 0.0, 1.0, 0.0]"
A senior CEO in a meeting.,"[0.0, 1.0, 1.0, 0.0, 1.0, 0.0]"
A middle-aged engineer at work.,"[0.0, 1.0, 1.0, 0.0, 1.0, 0.0]"
A mature doctor examining a patient.,"[0.0, 1.0, 1.0, 0.0, 1.0, 0.0]"
An old artist painting.,"[0.0, 1.0, 1.0, 0.0, 1.0, 0.0]"
A young student reading.,"[0.0, 1.0, 1.0, 0.0, 1.0, 0.0]"
A senior architect drawing.,"[0.0, 1.0, 1.0, 0.0, 1.0, 0.0]"
An elderly musician playing.,"[0.0, 1.0, 1.0, 0.0, 1.0, 0.0]"
A middle-aged pilot flying.,"[0.0, 1.0, 1.0, 0.0, 1.0, 0.0]"
A female researcher analysing data.,"[0.0, 0.0, 1.0, 1.0, 1.0, 0.0]"
A male pilot flying a plane.,"[0.0, 0.0, 1.0, 1.0, 1.0, 0.0]"
A woman developer coding.,"[0.0, 0.0, 1.0, 1.0, 1.0, 0.0]"
A man architect designing.,"[0.0, 0.0, 1.0, 1.0, 1.0, 0.0]"
A non-binary scientist in the field.,"[0.0, 0.0, 1.0, 1.0, 1.0, 0.0]"
A woman surgeon operating.,"[0.0, 0.0, 1.0, 1.0, 1.0, 0.0]"
A female doctor holding a chart.,"[0.0, 0.0, 1.0, 1.0, 1.0, 0.0]"
A male engineer testing circuits.,"[0.0, 0.0, 1.0, 1.0, 1.0, 0.0]"
A woman artist painting.,"[0.0, 0.0, 1.0, 1.0, 1.0, 0.0]"
A man teacher writing on a board.,"[0.0, 0.0, 1.0, 1.0, 1.0, 0.0]"
A Black doctor with a stethoscope.,"[0.0, 1.0, 0.0, 1.0, 1.0, 0.0]"
An Asian engineer testing equipment.,"[0.0, 1.0, 0.0, 1.0, 1.0, 0.0]"
A Latino teacher in a classroom.,"[0.0, 1.0, 0.0, 1.0, 1.0, 0.0]"
An Indigenous researcher conducting a study.,"[0.0, 1.0, 0.0, 1.0, 1.0, 0.0]"
A Middle Eastern programmer coding.,"[0.0, 1.0, 0.0, 1.0, 1.0, 0.0]"
A South Asian chemist mixing solutions.,"[0.0, 1.0, 0.0, 1.0, 1.0, 0.0]"
A Black lawyer arguing a case.,"[0.0, 1.0, 0.0, 1.0, 1.0, 0.0]"
An Asian pilot checking instruments.,"[0.0, 1.0, 0.0, 1.0, 1.0, 0.0]"
A White scientist in a lab coat.,"[0.0, 1.0, 0.0, 1.0, 1.0, 0.0]"
A Pacific Islander artist working.,"[0.0, 1.0, 0.0, 1.0, 1.0, 0.0]"
A researcher in a wheelchair.,"[0.0, 1.0, 1.0, 1.0, 0.0, 0.0]"
A scientist with a prosthetic arm.,"[0.0, 1.0, 1.0, 1.0, 0.0, 0.0]"
An engineer with hearing aids.,"[0.0, 1.0, 1.0, 1.0, 0.0, 0.0]"
A developer using a white cane.,"[0.0, 1.0, 1.0, 1.0, 0.0, 0.0]"
A doctor with low vision.,"[0.0, 1.0, 1.0, 1.0, 0.0, 0.0]"
A pilot with a limb difference.,"[0.0, 1.0, 1.0, 1.0, 0.0, 0.0]"
A student with a mobility aid.,"[0.0, 1.0, 1.0, 1.0, 0.0, 0.0]"
A professional with vitiligo.,"[0.0, 1.0, 1.0, 1.0, 0.0, 0.0]"
A teacher using sign language.,"[0.0, 1.0, 1.0, 1.0, 0.0, 0.0]"
An artist with a cochlear implant.,"[0.0, 1.0, 1.0, 1.0, 0.0, 0.0]"
